DB00050,c12c(cccc1)ccc(c2)C[C@@H](NC(=O)C)C(=O)N[C@@H](C(=O)N[C@H](Cc1cccnc1)C(=O)N[C@H](C(=O)N[C@@H](Cc1ccc(cc1)O)C(=O)N[C@@H](C(=O)N[C@@H](CC(C)C)C(=O)N[C@H](C(=O)N1[C@H](C(=O)N[C@@H](C(=O)N)C)CCC1)CCCNC(=N)N)CCCNC(=O)N)CO)Cc1ccc(cc1)Cl
DB00152,s1c(c([n+](Cc2c(nc(nc2)C)N)c1)C)CCO
DB00162,C1(=C(CCCC1(C)C)C)/C=C/C(=C/C=C/C(=C/CO)/C)/C
DB00175,O([C@@H]1[C@@H]2[C@H]([C@H](C=CC2=C[C@@H](O)C1)C)CC[C@@H](O)C[C@@H](O)CC(=O)O)C(=O)[C@H](CC)C
DB00176,C(c1ccc(/C(=N/OCCN)/CCCCOC)cc1)(F)(F)F
DB00177,OC(=O)[C@@H](N(Cc1ccc(cc1)c1c(cccc1)c1n[nH]nn1)C(=O)CCCC)C(C)C
DB00178,c1ccccc1CC[C@H](N[C@@H](C)C(=O)N1[C@H]2CCC[C@H]2C[C@H]1C(=O)O)C(=O)OCC
DB00180,[C@]12(C(=CC(=O)C=C1)[C@H](C[C@@H]1[C@@H]2[C@H](C[C@]2([C@H]1C[C@@H]1[C@]2(OC(O1)(C)C)C(=O)CO)C)O)F)C
DB00181,Clc1ccc(C(CC(=O)O)CN)cc1
DB00182,c1(ccccc1)CC(C)N
DB00184,N1([C@H](c2cnccc2)CCC1)C
DB00185,C12CCN(C[C@]32CSC(O3)C)CC1
DB00186,Clc1cc2C(=NC(O)C(=O)Nc2cc1)c1c(Cl)cccc1
DB00187,O(CC(O)CNC(C)C)c1ccc(CCC(=O)OC)cc1
DB00188,c1(nccnc1)C(=O)N[C@H](C(=O)N[C@@H](CC(C)C)B(O)O)Cc1ccccc1
DB00191,NC(Cc1ccccc1)(C)C
DB00193,O[C@]1([C@H](CCCC1)CN(C)C)c1cc(OC)ccc1
DB00195,C1CC1COCCc1ccc(OCC(CNC(C)C)O)cc1
DB00196,Fc1c(C(O)(Cn2ncnc2)Cn2ncnc2)ccc(F)c1
DB00197,S1C(Cc2ccc(OCC3(Oc4c(CC3)c(c(O)c(c4C)C)C)C)cc2)C(=O)NC1=O
DB00198,O([C@H]1[C@H](NC(=O)C)[C@@H](N)CC(=C1)C(=O)OCC)C(CC)CC
DB00199,O([C@@H]1[C@H]([C@H](O[C@@H]2O[C@H]([C@H](O)[C@](OC)(C2)C)C)[C@H](C(=O)O[C@@H]([C@@](O)([C@H](O)[C@H](C(=O)[C@@H](C[C@]1(O)C)C)C)C)CC)C)C)[C@@H]1O[C@@H](C[C@H](N(C)C)[C@H]1O)C
DB00200,C12=C(C3=[N+]4C(=CC5=[N+]6C(=C(C7=[N+]8[C@]([C@@H]9N1[Co-3]468([n+]1c4cc(C)c(cc4n(c1)[C@H]1O[C@H](CO)[C@H]([C@H]1O)OP(=O)(O[C@@H](CNC(=O)CC[C@]2(C)[C@H]9CC(=O)N)C)[O-])C)O)(C)[C@]([C@@H]7CCC(=O)N)(CC(=O)N)C)C)[C@@]([C@@H]5CCC(=O)N)(C)CC(=O)N)C([C@@H]3CCC(=O)N)(C)C)C
DB00201,O=c1n(c(=O)n(c2ncn(c12)C)C)C
DB00202,O(CC[N+](C)(C)C)C(=O)CCC(=O)OCC[N+](C)(C)C
DB00203,c1(c2nc3c(c(=O)[nH]2)n(nc3CCC)C)c(ccc(c1)S(=O)(=O)N1CCN(CC1)C)OCC
DB00204,S(=O)(=O)(Nc1ccc(CCN(CCOc2ccc(NS(=O)(=O)C)cc2)C)cc1)C
DB00205,Clc1ccc(c2c(nc(nc2N)N)CC)cc1
DB00206,[C@H]12[C@H](C[C@H]3N(C1)CCc1c3[nH]c3c1ccc(c3)OC)[C@H](C(=O)OC)[C@@H](OC)[C@@H](C2)OC(=O)c1cc(c(c(c1)OC)OC)OC
DB00207,N1(C[C@@H](C[C@]([C@@H]([C@H]([C@@H]([C@H](C(=O)O[C@@H]([C@]([C@@H]([C@H]1C)O)(O)C)CC)C)O[C@H]1C[C@@]([C@H]([C@@H](O1)C)O)(C)OC)C)O[C@H]1[C@@H]([C@H](C[C@H](O1)C)N(C)C)O)(O)C)C)C
DB00208,Clc1c(CN2CCc3sccc3C2)cccc1
DB00210,O(c1c(C23CC4CC(C2)CC(C3)C4)cc(cc1)c1cc2c(cc1)cc(cc2)C(=O)O)C
DB00211,c1(c(ccc(c1)OC)OC)C(CNC(=O)CN)O
DB00213,S(=O)(c1[nH]c2c(n1)ccc(OC(F)F)c2)Cc1nccc(OC)c1OC
DB00215,Fc1ccc(C2(OCc3c2ccc(c3)C#N)CCCN(C)C)cc1
DB00216,c1ccccc1S(=O)(=O)CCc1cc2c(cc1)[nH]cc2C[C@@H]1N(CCC1)C
DB00218,Fc1c(N2C[C@H]3[C@H](NCCC3)C2)c(OC)c2n(C3CC3)cc(c(=O)c2c1)C(=O)O
DB00220,S(C[C@H](NC(=O)c1c(c(O)ccc1)C)[C@H](O)CN1C[C@@H]2[C@H](C[C@H]1C(=O)NC(C)(C)C)CCCC2)c1ccccc1
DB00222,S(=O)(=O)(c1ccc(cc1)CCNC(=O)N1CC(=C(C1=O)CC)C)NC(=O)N[C@H]1CC[C@@H](CC1)C
DB00224,O[C@H](CN1[C@@H](CN(CC1)Cc1cccnc1)C(=O)NC(C)(C)C)C[C@H](C(=O)N[C@@H]1[C@H](O)Cc2c1cccc2)Cc1ccccc1
DB00227,O([C@@H]1[C@@H]2[C@H]([C@H](C=CC2=C[C@@H](C1)C)C)CC[C@H]1OC(=O)C[C@H](O)C1)C(=O)[C@H](CC)C
DB00228,ClC(F)C(F)(F)OC(F)F
DB00230,C(C(=O)O)[C@@H](CN)CC(C)C
DB00231,Clc1cc2c(N(C(=O)C(O)N=C2c2ccccc2)C)cc1
DB00235,O=c1[nH]c(c(c2ccncc2)cc1C#N)C
DB00238,O=c1[nH]c2c(n(C3CC3)c3ncccc13)nccc2C
DB00242,Clc1nc2n([C@@H]3O[C@@H]([C@@H](O)C3)CO)cnc2c(n1)N
DB00243,OC(CN1CCN(CC1)CC(=O)Nc1c(cccc1C)C)COc1c(OC)cccc1
DB00246,Clc1c(CCN2CCN(CC2)c2nsc3c2cccc3)cc2c(NC(=O)C2)c1
DB00247,c1ccc2c3c1C1=C[C@H](CN([C@@H]1Cc3cn2C)C)C(=O)NC(CC)CO
DB00248,O=C(N(CCCN(C)C)C(=O)NCC)[C@@H]1C[C@H]2[C@H](N(C1)CC=C)Cc1c3c2cccc3[nH]c1
DB00250,S(=O)(=O)(c1ccc(N)cc1)c1ccc(N)cc1
DB00252,O=C1NC(=O)NC1(c1ccccc1)c1ccccc1
DB00254,[C@]12([C@H]([C@@H](C(=C(C2=O)C(=O)N)O)N(C)C)[C@H]([C@H]2C(=C1O)C(=O)c1c([C@@H]2C)cccc1O)O)O
DB00257,Clc1c(C(n2ccnc2)(c2ccccc2)c2ccccc2)cccc1
DB00261,C12=Nc3c(CN1CC(=O)N2)c(c(cc3)Cl)Cl
DB00263,S(=O)(=O)(Nc1onc(c1C)C)c1ccc(N)cc1
DB00264,O(CC(O)CNC(C)C)c1ccc(CCOC)cc1
DB00268,O=C1Nc2c(c(CCN(CCC)CCC)ccc2)C1
DB00271,c1(c(c(c(c(c1I)NC(=O)C)I)C(=O)O)I)NC(=O)C
DB00273,S(=O)(=O)(OC[C@]12OC[C@H]3OC(O[C@H]3[C@@H]2OC(O1)(C)C)(C)C)N
DB00276,S(=O)(=O)(Nc1cc(OC)c(Nc2c3c(nc4c2cccc4)cccc3)cc1)C
DB00277,Cn1c2c(c(=O)n(c1=O)C)[nH]cn2
DB00278,C(=N)(NCCC[C@@H](C(=O)N1CC[C@H](C[C@@H]1C(=O)O)C)NS(=O)(=O)c1cccc2c1NCC(C2)C)N
DB00280,n1ccccc1C(CCN(C(C)C)C(C)C)(C(=O)N)c1ccccc1
DB00281,c1ccc(C)c(c1C)NC(=O)CN(CC)CC
DB00282,P(=O)(O)(O)C(P(=O)(O)O)(O)CCN
DB00283,Clc1ccc([C@](OCC[C@@H]2N(CCC2)C)(c2ccccc2)C)cc1
DB00284,N([C@H]1C=C([C@H]([C@@H]([C@H]1O)O)O)CO)[C@H]1[C@@H]([C@H]([C@H](O[C@@H]1C)O[C@H]1[C@@H]([C@H]([C@H](O[C@@H]1CO)O[C@@H]([C@H](O)[C@H](C=O)O)[C@H](O)CO)O)O)O)O
DB00285,OC1(C(CN(C)C)c2ccc(OC)cc2)CCCCC1
DB00287,FC(F)(F)c1cc(OC[C@H](O)/C=C/[C@@H]2[C@H]([C@@H](O)C[C@H]2O)C/C=C\CCCC(=O)OC(C)C)ccc1
DB00288,C1[C@@H]2[C@]([C@]3(C[C@@H]([C@@]4([C@@]5(C(=CC(=O)C=C5)CC[C@H]4[C@H]13)C)F)O)C)(OC1(O2)CCCC1)C(=O)COC(=O)C
DB00289,O([C@H](CCNC)c1ccccc1)c1c(cccc1)C
DB00291,ClCCN(c1ccc(CCCC(=O)O)cc1)CCCl
DB00292,c1(n(cnc1)[C@@H](c1ccccc1)C)C(=O)OCC
DB00293,s1c(N(Cc2cc3c([nH]c(nc3=O)C)cc2)C)ccc1C(=O)N[C@@H](CCC(=O)O)C(=O)O
DB00295,O1[C@@H]2[C@]34[C@H]([C@H](N(CC3)C)Cc3c4c1c(O)cc3)C=C[C@@H]2O
DB00296,c1(NC(=O)[C@H]2N(CCCC2)CCC)c(cccc1C)C
DB00297,C1CCN(C(C1)C(=O)Nc1c(cccc1C)C)CCCC
DB00299,OCC(CCn1c2[nH]c(nc(=O)c2nc1)N)CO
DB00302,C1C[C@H](CC[C@@H]1C(=O)O)CN
DB00303,C1(=C([C@@H]([C@H]2N1C(=O)[C@@H]2[C@H](O)C)C)S[C@@H]1CN[C@@H](C1)C(=O)Nc1cccc(c1)C(=O)O)C(=O)O
DB00307,OC(=O)c1ccc(C(=C)c2cc3C(CCC(c3cc2C)(C)C)(C)C)cc1
DB00308,c1(ccc(cc1)NS(=O)(=O)C)C(CCCN(CC)CCCCCCC)O
DB00310,c12c(C(=O)NC2(O)c2cc(c(cc2)Cl)S(=O)(=O)N)cccc1
DB00312,O=C1NC(=O)NC(=O)C1(C(CCC)C)CC
DB00313,CCCC(C(=O)O)CCC
DB00315,c1c2c(ccc1C[C@@H]1NC(=O)OC1)[nH]cc2CCN(C)C
DB00316,Oc1ccc(NC(=O)C)cc1
DB00317,Clc1cc(Nc2ncnc3c2cc(OCCCN2CCOCC2)c(OC)c3)ccc1F
DB00318,[C@@]123c4c5O[C@H]2[C@H](C=C[C@H]1[C@@H](Cc4ccc5OC)N(CC3)C)O
DB00319,N12[C@H](C(S[C@@H]2[C@H](NC(=O)[C@@H](c2ccccc2)NC(=O)N2C(=O)C(=O)N(CC2)CC)C1=O)(C)C)C(=O)O
DB00320,O1[C@]2(O)N([C@H](C(=O)N3[C@H]2CCC3)Cc2ccccc2)C(=O)[C@@]1(NC(=O)[C@@H]1C[C@H]2[C@H](N(C1)C)Cc1c3c2cccc3[nH]c1)C
DB00321,N(CCC=C1c2c(CCc3c1cccc3)cccc2)(C)C
DB00323,O=C(c1cc([N+](=O)[O-])c(O)c(O)c1)c1ccc(cc1)C
DB00324,F[C@@]12[C@H]([C@H]3[C@@]([C@](O)(CC3)C(=O)C)(C[C@@H]1O)C)C[C@@H](C1=CC(=O)C=C[C@]21C)C
DB00327,O1[C@@H]2[C@]34[C@H]([C@H](N(CC3)C)Cc3c4c1c(O)cc3)CCC2=O
DB00328,c1c(ccc(c1)C(=O)n1c2c(c(c1C)CC(=O)O)cc(cc2)OC)Cl
DB00330,N([C@H](CO)CC)CCN[C@H](CO)CC
DB00331,NC(=N)NC(=N)N(C)C
DB00333,CCC(=O)C(CC(N(C)C)C)(c1ccccc1)c1ccccc1
DB00334,N1=C(c2c(Nc3c1cccc3)sc(c2)C)N1CCN(CC1)C
DB00335,O(CC(O)CNC(C)C)c1ccc(cc1)CC(=O)N
DB00337,[C@]12(C(=O)C(=O)N3[C@H](C(=O)O[C@H](/C(=C/[C@H]4C[C@H]([C@H](CC4)Cl)OC)/C)[C@@H]([C@H](CC(=O)[C@@H](/C=C(/C[C@@H](C[C@@H]([C@@H](O1)[C@H](C[C@H]2C)OC)OC)C)\C)CC)O)C)CCCC3)O
DB00338,S(=O)(Cc1ncc(c(OC)c1C)C)c1[nH]c2c(n1)ccc(OC)c2
DB00339,O=C(N)c1nccnc1
DB00341,Clc1ccc(C(N2CCN(CC2)CCOCC(=O)O)c2ccccc2)cc1
DB00343,[C@@H]1(C(=O)N(c2c(S[C@H]1c1ccc(cc1)OC)cccc2)CCN(C)C)OC(=O)C
DB00344,N(CCCC1c2c(C=Cc3c1cccc3)cccc2)C
DB00346,C1CCOC1C(=O)NCCCN(c1nc2c(c(n1)N)cc(c(c2)OC)OC)C
DB00349,Clc1cc2N(C(=O)CC(=O)N(c2cc1)C)c1ccccc1
DB00350,c1(N2CCCCC2)cc([n+](c(n1)N)[O-])N
DB00351,CC1=C[C@@H]2[C@H](CC[C@@]3(C)[C@H]2CC[C@@]3(C(=O)C)OC(=O)C)[C@@]2(C)CCC(=O)C=C12
DB00355,[C@@H]1([C@@H](N(C1=O)S(=O)(=O)[O-])C)NC(=O)/C(=N\OC(C(=O)O)(C)C)/c1csc(n1)[NH3+]
DB00356,Clc1cc2[nH]c(=O)oc2cc1
DB00357,O=C1NC(=O)CCC1(CC)c1ccc(N)cc1
DB00358,FC(F)(F)c1nc2c(c(C(O)C3NCCCC3)c1)cccc2C(F)(F)F
DB00359,S(=O)(=O)(Nc1ncccn1)c1ccc(N)cc1
DB00361,N12C[C@@H](C=C(C1)CC)C[C@](C(=O)OC)(c1c(cc3c(c1)[C@@]14[C@@H](N3C)[C@]([C@@H]([C@@]3(C=CCN([C@H]13)CC4)CC)OC(=O)C)(C(=O)OC)O)OC)c1[nH]c3ccccc3c1C2
DB00362,C1N2[C@@H]([C@H]([C@H]1C)O)C(=O)N[C@@H]([C@@H](C[C@@H](C(=O)N[C@@H]([C@H](O)C)C(=O)N1C[C@@H](C[C@H]1C(=O)N[C@@H]([C@@H]([C@H](c1ccc(cc1)O)O)O)C(=O)N[C@H](C2=O)[C@@H](C)O)O)NC(=O)c1ccc(cc1)c1ccc(cc1)c1ccc(cc1)OCCCCC)O)O
DB00363,C1(=Nc2c(Nc3c1cccc3)ccc(c2)Cl)N1CCN(CC1)C
DB00364,O.O[Al](O)O.O[Al](O)OS(=O)(=O)OC[C@H]1O[C@@](COS(=O)(=O)O[Al](O)O)(O[C@H]2O[C@H](COS(=O)(=O)O[Al](O)O)[C@@H](OS(=O)(=O)O[Al](O)O)[C@H](OS(=O)(=O)O[Al](O)O)[C@H]2OS(=O)(=O)O[Al](O)O)[C@@H](OS(=O)(=O)O[Al](O)O)[C@@H]1OS(=O)(=O)O[Al](O)O
DB00367,O[C@@]1([C@@]2([C@H]([C@H]3[C@H](CC2)[C@@H]2C(=CC(=O)CC2)CC3)CC1)CC)C#C
DB00368,O[C@H](c1cc(O)c(O)cc1)CN
DB00369,P(=O)(O)(O)CO[C@@H](Cn1ccc(nc1=O)N)CO
DB00370,N12C(CN(CC1)C)c1c(Cc3c2nccc3)cccc1
DB00371,O(CC(CCC)(COC(=O)N)C)C(=O)N
DB00373,CC(C)(C)NC[C@@H](COc1c(nsn1)N1CCOCC1)O
DB00374,c12cccc(c1C[C@@H]1[C@H](C2)[C@H]([C@@H](C1)O)CC[C@H](CCCCC)O)OCC(=O)O
DB00375,ClCC1OC1.N(CCNCCN)CCNCCN
DB00376,OC(C1CCCCC1)(CCN1CCCCC1)c1ccccc1
DB00377,c12c3c(ccc1)CCC[C@@H]3CN(C2=O)[C@@H]1CN2CCC1CC2
DB00379,O(CC(N)C)c1c(cccc1C)C
DB00381,C1(C(=C(NC(=C1C(=O)OC)C)COCCN)C(=O)OCC)c1c(cccc1)Cl
DB00382,n1c2c(CCCC2)c(N)c2c1cccc2
DB00384,n1c(c2ccccc2)c(nc2nc(nc(N)c12)N)N
DB00388,O[C@@H](CNC)c1cc(O)ccc1
DB00390,O([C@@H]1C[C@@H]2[C@](CC1)([C@@H]1[C@@H](CC2)[C@@]2([C@]([C@@H](C1)O)([C@H](CC2)C1=CC(=O)OC1)C)O)C)[C@@H]1O[C@@H]([C@H]([C@H](C1)O)O[C@@H]1O[C@@H]([C@H]([C@H](C1)O)O[C@@H]1O[C@@H]([C@H]([C@H](C1)O)O)C)C)C
DB00393,O(C(=O)C1=C(NC(=C(C1c1cc([N+](=O)[O-])ccc1)C(=O)OCCOC)C)C)C(C)C
DB00395,O(CC(CCC)(COC(=O)N)C)C(=O)NC(C)C
DB00396,O=C([C@@H]1[C@@]2([C@H]([C@H]3[C@@H]([C@@]4(C(=CC(=O)CC4)CC3)C)CC2)CC1)C)C
DB00398,Clc1c(cc(NC(=O)Nc2ccc(Oc3cc(ncc3)C(=O)NC)cc2)cc1)C(F)(F)F
DB00400,Clc1c2O[C@]3([C@@H](CC(=O)C=C3OC)C)C(=O)c2c(OC)cc1OC
DB00401,O(C(=O)C1=C(NC(=C(C1c1c([N+](=O)[O-])cccc1)C(=O)OC)C)C)CC(C)C
DB00404,Clc1cc2c(n3c(nnc3C)CN=C2c2ccccc2)cc1
DB00408,Clc1cc2C(=Nc3c(Oc2cc1)cccc3)N1CCN(CC1)C
DB00411,C([N+](C)(C)C)COC(=O)N
DB00412,S1C(Cc2ccc(OCCN(c3ncccc3)C)cc2)C(=O)NC1=O
DB00413,C1[C@H](CCc2c1sc(n2)N)NCCC
DB00415,S1[C@H]2N([C@H](C1(C)C)C(=O)O)C(=O)[C@H]2NC(=O)[C@H](N)c1ccccc1
DB00417,S1[C@H]2N([C@H](C1(C)C)C(=O)O)C(=O)[C@H]2NC(=O)COc1ccccc1
DB00418,CCCC(C)C1(CC=C)C(=O)NC(=O)NC1=O
DB00419,O[C@@H]1[C@H](N(C[C@H](O)[C@H]1O)CCCC)CO
DB00421,S([C@H]1[C@H]2[C@H]3[C@@]([C@@]4(OC(=O)CC4)CC3)(CC[C@@H]2[C@@]2(C(=CC(=O)CC2)C1)C)C)C(=O)C
DB00422,O(C(=O)C(C1NCCCC1)c1ccccc1)C
DB00423,C(=O)(OCC(COc1c(OC)cccc1)O)N
DB00425,O=C(N(C)C)Cc1n2c(nc1c1ccc(cc1)C)ccc(c2)C
DB00426,O(CC(CCn1c2nc(ncc2nc1)N)COC(=O)C)C(=O)C
DB00431,[C@H]1([C@H]([C@@H]([C@@H]([C@H]([C@@H]1Cl)Cl)Cl)Cl)Cl)Cl
DB00433,Clc1cc2N(CCCN3CCN(CC3)C)c3c(Sc2cc1)cccc3
DB00434,N1(CCC(=C2c3c(C=Cc4c2cccc4)cccc3)CC1)C
DB00437,c1nc2c(cn[nH]2)c(n1)O
DB00438,S1[C@H]2N(C(=O)[C@H]2NC(=O)/C(=N\OC(C)(C)C(=O)O)/c2nc(sc2)N)C(=C(C1)C[n+]1ccccc1)C(=O)[O-]
DB00439,Fc1ccc(c2c(c(nc(c2/C=C/[C@@H](O)C[C@@H](O)CC(=O)O)C(C)C)C(C)C)COC)cc1
DB00440,O(c1cc(Cc2c(nc(nc2)N)N)cc(OC)c1OC)C
DB00441,FC1(F)[C@H](O)[C@H](O[C@H]1n1ccc(nc1=O)N)CO
DB00442,O[C@@H]1[C@H](C(=C)[C@@H](n2c3[nH]c(nc(=O)c3nc2)N)C1)CO
DB00444,[C@@H]12[C@@H](c3c([C@H]([C@H]1C(=O)OC2)c1cc(c(c(c1)OC)O)OC)cc1c(c3)OCO1)O[C@H]1[C@@H]([C@H]([C@@H]2O[C@H](c3sccc3)OC[C@H]2O1)O)O
DB00446,c1c(ccc(c1)[N+](=O)[O-])[C@H]([C@H](NC(=O)C(Cl)Cl)CO)O
DB00448,S(=O)(Cc1nccc(OCC(F)(F)F)c1C)c1[nH]c2c(n1)cccc2
DB00449,O(C(=O)C(C)(C)C)c1c(OC(=O)C(C)(C)C)ccc(C(O)CNC)c1
DB00450,Fc1ccc(C(=O)CCCN2CCC(=CC2)n2c3c([nH]c2=O)cccc3)cc1
DB00454,O(C(=O)C1(CCN(CC1)C)c1ccccc1)CC
DB00455,Clc1cc2c(C(=C3CCN(CC3)C(=O)OCC)c3ncccc3CC2)cc1
DB00457,O=C(N1CCN(CC1)c1nc2c(c(n1)N)cc(OC)c(OC)c2)c1occc1
DB00458,N1(CCCN(C)C)c2c(CCc3c1cccc3)cccc2
DB00459,c1(c(c(cc(c1/C=C/C(=C/C=C/C(=C/C(=O)O)/C)/C)C)OC)C)C
DB00460,O(C(=O)[C@H]1[C@@]2(C(=CC=C1C(=O)OC)C1=N/C/2=C\c2[nH]c(c(c2C)CCC(=O)OC)/C=C/2\N=C(/C=c/3\[nH]/c(=C\1)/c(c3C=C)C)C(=C2CCC(=O)O)C)C)C
DB00461,O(c1cc2c(cc(CCC(=O)C)cc2)cc1)C
DB00465,OC(=O)C1CCn2c1ccc2C(=O)c1ccccc1
DB00471,Clc1cc2nc(/C=C/c3cc([C@H](SCC4(CC4)CC(=O)O)CCc4c(C(O)(C)C)cccc4)ccc3)ccc2cc1
DB00472,FC(F)(F)c1ccc(OC(CCNC)c2ccccc2)cc1
DB00474,O=C1N(C(=O)NC(=O)C1(C(C)C#CCC)CC=C)C
DB00475,[N+]1(=C(c2c(N=C(C1)NC)ccc(c2)Cl)c1ccccc1)[O-]
DB00476,s1c([C@@H](Oc2c3c(ccc2)cccc3)CCNC)ccc1
DB00477,Clc1cc2N(CCCN(C)C)c3c(Sc2cc1)cccc3
DB00478,NC(C12CC3CC(C1)CC(C2)C3)C
DB00479,[C@@H]1([C@@H]([C@H]([C@@H]([C@@H](N)C1)O[C@H]1O[C@@H]([C@H]([C@@H]([C@H]1O)O)O)CN)O)O[C@@H]1[C@@H]([C@H]([C@@H]([C@H](O1)CO)O)N)O)NC(=O)[C@H](CCN)O
DB00480,O=C1N(C2CCC(=O)NC2=O)Cc2c1cccc2N
DB00481,s1c(c(c2c1cc(O)cc2)C(=O)c1ccc(OCCN2CCCCC2)cc1)c1ccc(O)cc1
DB00482,S(=O)(=O)(N)c1ccc(n2nc(cc2c2ccc(cc2)C)C(F)(F)F)cc1
DB00484,Brc1c(NC2=NCCN2)ccc2nccnc12
DB00485,[C@H]1(C(=O)N2[C@@H]1SC([C@@H]2C(=O)O)(C)C)NC(=O)c1c(noc1C)c1c(cccc1Cl)Cl
DB00486,O1C([C@H]2[C@@H](CC(=O)CC2)c2c1cc(C(CCCCCC)(C)C)cc2O)(C)C
DB00489,S(=O)(=O)(Nc1ccc(C(O)CNC(C)C)cc1)C
DB00490,O=C1N(C(=O)CC2(CCCC2)C1)CCCCN1CCN(CC1)c1ncccn1
DB00491,O[C@@H]1[C@H](N(C[C@H](O)[C@H]1O)CCO)CO
DB00492,N1(C(=O)C[P@](=O)(O[C@H](OC(=O)CC)C(C)C)CCCCc2ccccc2)[C@@H](C[C@H](C1)C1CCCCC1)C(=O)O
DB00493,[C@@H]12N(C(=C(CS1)COC(=O)C)C(=O)O)C(=O)[C@H]2NC(=O)/C(=N\OC)/c1csc(n1)N
DB00494,O=C(N(CC)CC)/C(=C/c1cc([N+](=O)[O-])c(O)c(O)c1)/C#N
DB00495,O1[C@@H](n2cc(c(=O)[nH]c2=O)C)C[C@H](N=[N+]=[N-])[C@H]1CO
DB00496,O=C(N)C([C@@H]1CCN(C1)CCc1cc2c(OCC2)cc1)(c1ccccc1)c1ccccc1
DB00497,c12c3c(ccc1C[C@@H]1[C@]4([C@@]2([C@@H](O3)C(=O)CC4)CCN1C)O)OC
DB00499,FC(F)(F)c1cc(NC(=O)C(C)C)ccc1[N+](=O)[O-]
DB00500,O=C(c1n(c(cc1)CC(=O)O)C)c1ccc(cc1)C
DB00501,[nH]1cnc(c1C)CSCCN/C(=N\C#N)/NC
DB00502,Clc1ccc(C2(O)CCN(CC2)CCCC(=O)c2ccc(F)cc2)cc1
DB00503,[C@H](Cc1ccccc1)(C[C@@H]([C@H](Cc1ccccc1)NC(=O)OCc1cncs1)O)NC(=O)[C@@H](NC(=O)N(Cc1nc(sc1)C(C)C)C)C(C)C
DB00507,s1c(NC(=O)c2c(OC(=O)C)cccc2)ncc1[N+](=O)[O-]
DB00515,Cl[Pt](Cl)(N)N
DB00518,S(c1cc2[nH]c(nc2cc1)NC(=O)OC)CCC
DB00519,O=C(N1[C@@H]2[C@@H](C[C@H]1C(=O)O)CCCC2)[C@@H](N[C@@H](CCc1ccccc1)C(=O)OCC)C
DB00520,[C@@H]1([C@H](NC(=O)[C@@H]2[C@H](CCN2C(=O)[C@@H](NC(=O)[C@@H](NC(=O)[C@H]2N(C(=O)[C@H]([C@H](O)C)NC(=O)C(C1)NC(=O)CCCCCCCCC(CC(CC)C)C)C[C@@H](C2)O)[C@@H]([C@H](c1ccc(cc1)O)O)O)[C@@H](CCN)O)O)NCCN)O
DB00521,O(CC(O)CNC(C)(C)C)c1c2CCC(=O)Nc2ccc1
DB00524,Clc1cc2NC(N(C(=O)c2cc1S(=O)(=O)N)c1c(cccc1)C)C
DB00526,C1CCC[C@@H]2[C@@H]1N[Pt]1(N2)OC(=O)C(=O)O1
DB00529,P(=O)(O)(O)C(=O)O
DB00530,c1(cc(ccc1)C#C)Nc1c2c(ncn1)cc(c(c2)OCCOC)OCCOC
DB00531,ClCCN(P1(=O)OCCCN1)CCCl
DB00532,O=C1N(C(=O)NC1(CC)c1ccccc1)C
DB00533,S(=O)(=O)(c1ccc(C2=C(c3ccccc3)C(=O)OC2)cc1)C
DB00535,S1[C@H]2N(C(=O)[C@H]2NC(=O)/C(=N\O)/c2nc(sc2)N)C(=C(C1)C=C)C(=O)O
DB00537,Fc1c(N2CCNCC2)cc2n(C3CC3)cc(c(=O)c2c1)C(=O)O
DB00538,[Gd+3].[O-]C(=O)CN(CCN(CC(=O)NCCOC)CC(=O)[O-])CCN(CC(=O)NCCOC)CC(=O)[O-]
DB00539,ClCC/C(=C(/c1ccc(OCCN(C)C)cc1)\c1ccccc1)/c1ccccc1
DB00540,N(CCC=C1c2c(CCc3c1cccc3)cccc2)C
DB00541,[C@]123[C@H]([C@]([C@@H]([C@]4([C@@H]1N(CC3)CC=C4)CC)OC(=O)C)(C(=O)OC)O)N(c1c2cc(c(c1)OC)[C@@]1(c2c(c3c([nH]2)cccc3)CCN2C[C@](C[C@@H](C1)C2)(O)CC)C(=O)OC)C=O
DB00542,C1C[C@@H](C(=O)N(c2c1cccc2)CC(=O)O)N[C@H](C(=O)OCC)CCc1ccccc1
DB00543,Clc1cc2C(=Nc3c(Oc2cc1)cccc3)N1CCNCC1
DB00547,F[C@@]12[C@H]([C@H]3[C@@]([C@H]([C@@H](C3)C)C(=O)CO)(C[C@@H]1O)C)CCC1=CC(=O)C=C[C@]21C
DB00548,OC(=O)CCCCCCCC(=O)O
DB00549,c1cc2c(cc1NC(=O)OC1CCCC1)c(Cc1ccc(C(=O)NS(=O)(=O)c3ccccc3C)cc1OC)cn2C
DB00550,S=c1[nH]c(CCC)cc(=O)[nH]1
DB00554,c12ccccc1S(=O)(=O)N(C(=C2O)C(=O)Nc1ncccc1)C
DB00555,Clc1c(c2nnc(nc2N)N)cccc1Cl
DB00557,Clc1ccc(C(N2CCN(CC2)CCOCCO)c2ccccc2)cc1
DB00559,S(=O)(=O)(Nc1nc(nc(OCCO)c1Oc1c(OC)cccc1)c1ncccn1)c1ccc(C(C)(C)C)cc1
DB00560,C1(=O)C(=C([C@H]([C@@H]2C[C@@H]3Cc4c(cc(c(c4C(=O)C3=C([C@]12O)O)O)NC(=O)CNC(C)(C)C)N(C)C)N(C)C)O)C(=O)N
DB00561,O=C1N(CC(C1(c1ccccc1)c1ccccc1)CCN1CCOCC1)CC
DB00563,OC(=O)[C@@H](NC(=O)c1ccc(N(Cc2nc3c(nc2)nc(nc3N)N)C)cc1)CCC(=O)O
DB00564,O=C(N1c2c(C=Cc3c1cccc3)cccc2)N
DB00567,[C@@H]12N(C(=C(CS1)C)C(=O)O)C(=O)[C@H]2NC(=O)[C@@H](c1ccccc1)N
DB00571,c1ccc(c2c1cccc2)OCC(CNC(C)C)O
DB00572,O(C(=O)C(CO)c1ccccc1)[C@@H]1C[C@@H]2CC[C@H](C1)N2C
DB00573,O(c1cc(C(C)C(=O)O)ccc1)c1ccccc1
DB00575,Clc1c(NC2=NCCN2)c(Cl)ccc1
DB00578,S1[C@H]2N([C@H](C1(C)C)C(=O)O)C(=O)[C@H]2NC(=O)C(c1ccccc1)C(=O)O
DB00580,S(=O)(=O)(N)c1ccc(c2c(noc2C)c2ccccc2)cc1
DB00581,O([C@H]1[C@H](O)[C@@](O[C@@H]1CO)(O)CO)[C@@H]1O[C@@H]([C@H](O)[C@H](O)[C@H]1O)CO
DB00582,Fc1c([C@](O)([C@@H](C)c2ncncc2F)Cn2ncnc2)ccc(F)c1
DB00585,C(SCCNC(=C[N+](=O)[O-])NC)c1nc(sc1)CN(C)C
DB00586,Clc1c(Nc2c(CC(=O)O)cccc2)c(Cl)ccc1
DB00590,O1C(C(=O)N2CCN(CC2)c2nc3c(c(n2)N)cc(OC)c(OC)c3)COc2c1cccc2
DB00591,[C@]12(C(=CC(=O)C=C1)[C@H](C[C@@H]1[C@@]2([C@H](C[C@]2([C@H]1C[C@@H]1[C@]2(OC(O1)(C)C)C(=O)CO)C)O)F)F)C
DB00593,O=C1NC(=O)CC1(CC)C
DB00594,n1c(c(nc(N)c1C(=O)NC(=N)N)N)Cl
DB00595,[C@H]12[C@](C(=C3[C@H]([C@@H]1O)[C@](c1c(C3=O)c(ccc1)O)(C)O)O)(C(=O)C(=C([C@H]2N(C)C)O)C(=O)N)O
DB00598,OC(CNC(CCc1ccccc1)C)c1cc(c(O)cc1)C(=O)N
DB00601,Fc1c(N2CCOCC2)ccc(N2C[C@@H](OC2=O)CNC(=O)C)c1
DB00602,CO[C@H]1C[C@@H](O[C@@H](C)[C@@H]1O)O[C@H]1[C@H](C)O[C@H](C[C@@H]1OC)O[C@H]1[C@@H](C)/C=C/C=C/2\CO[C@@H]3[C@H](O)C(=C[C@@H](C(=O)O[C@H]4C[C@@H](C/C=C/1\C)O[C@@]1(CC[C@H](C)[C@H](O1)C(C)C)C4)[C@]23O)C.CC[C@@H](C)[C@H]1O[C@]2(CC[C@@H]1C)C[C@@H]1C[C@@H](C/C=C(\C)/[C@@H](O[C@H]3C[C@H](OC)[C@@H](O[C@H]4C[C@H](OC)[C@@H](O)[C@H](C)O4)[C@H](C)O3)[C@@H](C)/C=C/C=C/3\CO[C@@H]4[C@H](O)C(=C[C@@H](C(=O)O1)[C@]34O)C)O2
DB00603,C1C[C@]([C@]2(CC[C@@H]3[C@@]4(C(=CC(=O)CC4)[C@H](C[C@H]3[C@H]12)C)C)C)(OC(=O)C)C(=O)C
DB00605,C\1(=C\c2ccc(cc2)S(=O)C)/C(=C(c2c1ccc(c2)F)CC(=O)O)C
DB00608,n1ccc(c2c1cc(cc2)Cl)NC(CCCN(CC)CC)C
DB00609,S=C(N)c1cc(ncc1)CC
DB00611,O[C@@]12[C@@]3(CCN([C@H]1Cc1c3cc(O)cc1)CC1CCC1)CCCC2
DB00612,c1(ccc(cc1)COCCOC(C)C)OCC(CNC(C)C)O
DB00615,C12(CCN(CC1)CC(C)C)N=C1c3c4c(c(c5c3C(=O)[C@@](O/C=C/[C@@H]([C@H]([C@H]([C@@H]([C@@H]([C@@H]([C@@H](O)[C@H](/C=C/C=C(\C(=O)NC(=C1N2)C4=O)/C)C)C)O)C)OC(=O)C)C)OC)(O5)C)C)O
DB00618,C(=O)(C1=C([C@@H](N(C)C)[C@H]2[C@](C(=C3[C@H](C2)[C@@H](c2c(C3=O)c(ccc2Cl)O)O)O)(C1=O)O)O)N
DB00619,O=C(Nc1cc(Nc2nc(c3cccnc3)ccn2)c(cc1)C)c1ccc(CN2CCN(CC2)C)cc1
DB00620,F[C@@]12[C@H]([C@H]3[C@@]([C@](O)([C@H](O)C3)C(=O)CO)(C[C@@H]1O)C)CCC1=CC(=O)C=C[C@]21C
DB00621,O[C@@]1([C@@]2([C@H]([C@H]3[C@@H]([C@@]4([C@@H](CC3)CC(=O)OC4)C)CC2)CC1)C)C
DB00622,O(C(=O)C1=C(NC(=C(C1c1cc([N+](=O)[O-])ccc1)C(=O)OC)C)C)CCN(Cc1ccccc1)C
DB00623,S1c2c(N(CCCN3CCN(CC3)CCO)c3c1cccc3)cc(cc2)C(F)(F)F
DB00624,O[C@@H]1[C@@]2([C@H]([C@H]3[C@@H]([C@@]4(C(=CC(=O)CC4)CC3)C)CC2)CC1)C
DB00625,Clc1cc2[C@@](OC(=O)Nc2cc1)(C#CC1CC1)C(F)(F)F
DB00630,P(=O)(O)(O)C(P(=O)(O)O)(O)CCCN
DB00631,Clc1nc2n([C@@H]3O[C@@H]([C@@H](O)[C@@H]3F)CO)cnc2c(n1)N
DB00633,n1c([C@H](c2cccc(c2C)C)C)c[nH]c1
DB00635,O[C@]1([C@@]2([C@H]([C@H]3[C@@H]([C@@]4(C(=CC(=O)C=C4)CC3)C)C(=O)C2)CC1)C)C(=O)CO
DB00640,O1[C@@H](n2c3ncnc(N)c3nc2)[C@H](O)[C@H](O)[C@H]1CO
DB00641,[C@H]1([C@H]2C(=C[C@@H](C1)C)C=C[C@@H]([C@@H]2CC[C@H]1OC(=O)C[C@@H](C1)O)C)OC(=O)C(CC)(C)C
DB00642,c1c(ccc(c1)C(=O)N[C@@H](CCC(=O)O)C(=O)O)CCc1c2c([nH]c1)[nH]c(nc2=O)N
DB00646,[C@@]12(OC(C(C(C1)O)C(=O)O)CC(/C=C/C=C/C=C/C=C/CC/C=C/C=C/[C@@H]([C@H]([C@H]([C@@H](OC(=O)CC(CC(CC(CCC(C(C2)O)O)O)O)O)C)C)O)C)O[C@@H]1[C@H]([C@H]([C@@H]([C@H](O1)C)O)N)O)O
DB00648,ClC(Cl)C(c1ccc(Cl)cc1)c1c(Cl)cccc1
DB00649,O1[C@@H](n2cc(c(=O)[nH]c2=O)C)C=C[C@H]1CO
DB00650,n1c2c(c(=O)[nH]c1N)N(C(CN2)CNc1ccc(cc1)C(=O)N[C@H](C(=O)O)CCC(=O)O)C=O
DB00651,OC(Cn1c2c(n(c(=O)n(c2=O)C)C)nc1)CO
DB00652,[C@@]12(c3cc(ccc3C[C@H]([C@@H]1C)N(CC2)CC=C(C)C)O)C
DB00654,[C@H]1([C@@H]([C@H]([C@@H](C1)O)CC[C@@H](O)CCc1ccccc1)C/C=C\CCCC(=O)OC(C)C)O
DB00656,Clc1cc(N2CCN(CC2)CCCn2nc3n(c2=O)cccc3)ccc1
DB00657,N(C1(C(C2CC1CC2)(C)C)C)C
DB00659,S(=O)(=O)(O)CCCNC(=O)C
DB00661,O(c1cc(C(C(C)C)(CCCN(CCc2cc(OC)c(OC)cc2)C)C#N)ccc1OC)C
DB00665,FC(F)(F)c1cc(N2C(=O)C(NC2=O)(C)C)ccc1[N+](=O)[O-]
DB00668,O[C@H](c1cc(O)c(O)cc1)CNC
DB00669,c1c2c(cc(c1)CS(=O)(=O)NC)c(c[nH]2)CCN(C)C
DB00671,S1CC(=C(N2[C@H]1[C@@H](C2=O)NC(=O)/C(=N\OCC(=O)O)/c1csc(n1)N)C(=O)O)C=C
DB00672,Clc1ccc(S(=O)(=O)NC(=O)NCCC)cc1
DB00673,[C@H]1([C@@H](N(CCO1)Cc1[nH]c(=O)[nH]n1)c1ccc(cc1)F)O[C@@H](c1cc(cc(c1)C(F)(F)F)C(F)(F)F)C
DB00674,C1[C@H](C=C[C@]23[C@H]1Oc1c(ccc(c21)CN(CC3)C)OC)O
DB00675,O(c1ccc(/C(=C(/CC)\c2ccccc2)/c2ccccc2)cc1)CCN(C)C
DB00678,Clc1nc(n(Cc2ccc(cc2)c2c(cccc2)c2n[nH]nn2)c1CO)CCCC
DB00679,S1c2c(N(CCC3N(CCCC3)C)c3c1cccc3)cc(SC)cc2
DB00680,S1c2c(N(C(=O)CCN3CCOCC3)c3c1cccc3)cc(NC(=O)OCC)cc2
DB00681,[C@H]12[C@@H]([C@H](C[C@](O1)(C[C@H](C[C@H]([C@@H](CC[C@H](C[C@H](CC(=O)O[C@H]([C@@H]([C@@H]([C@H](/C=C/C=C/C=C/C=C/C=C/C=C/C=C/[C@@H](C2)O[C@H]1[C@H]([C@H]([C@@H]([C@H](O1)C)O)N)O)C)O)C)C)O)O)O)O)O)O)O)C(=O)O
DB00682,c1cccc2c1c(c(C(c1ccccc1)CC(=O)C)c(=O)o2)O
DB00683,Clc1cc2c(n3c(CN=C2c2c(F)cccc2)cnc3C)cc1
DB00684,[C@H]1([C@H]([C@@H]([C@H]([C@H](O1)O[C@H]1[C@@H](C[C@@H]([C@H]([C@@H]1O)O[C@H]1O[C@@H]([C@H](C[C@H]1N)O)CN)N)N)O)N)O)CO
DB00685,c12n(c3c(cc(cc3)F)F)cc(c(=O)c1cc(c(n2)N1C[C@H]2[C@@H](C1)[C@@H]2N)F)C(=O)O
DB00687,C1C(=O)C=C2[C@](C1)([C@@]1([C@@H](CC2)[C@H]2[C@](C[C@@H]1O)([C@@](CC2)(O)C(=O)CO)C)F)C
DB00690,Clc1cc2c(N(CCN(CC)CC)C(=O)CN=C2c2c(F)cccc2)cc1
DB00691,O=C(N1[C@@H](Cc2c(C1)cc(OC)c(OC)c2)C(=O)O)[C@@H](N[C@@H](CCc1ccccc1)C(=O)OCC)C
DB00692,Oc1cc(N(CC2=NCCN2)c2ccc(cc2)C)ccc1
DB00693,Oc1ccc2C3(c4c(Oc2c1)cc(cc4)O)OC(=O)c1c3cccc1
DB00694,O([C@H]1C[C@@](O)(Cc2c1c(O)c1c(c2O)C(=O)c2c(C1=O)c(OC)ccc2)C(=O)C)[C@@H]1O[C@H]([C@@H](O)[C@@H](N)C1)C
DB00695,Clc1c(S(=O)(=O)N)cc(c(NCc2occc2)c1)C(=O)O
DB00696,c1ccc2[nH]cc3c2c1C1=C[C@H](CN([C@@H]1C3)C)C(=O)N[C@]1(C(=O)N2[C@@](O1)([C@H]1N(C(=O)[C@@H]2Cc2ccccc2)CCC1)O)C
DB00697,Clc1c(NC2=NCCN2)c2nsnc2cc1
DB00698,C1(=O)N(/N=C/c2oc(cc2)[N+](=O)[O-])CC(=O)N1
DB00700,[C@@H]12[C@]3(O1)[C@]1(CCC(=O)C=C1C[C@H]([C@H]3[C@H]1[C@](C2)([C@]2(CC1)OC(=O)CC2)C)C(=O)OC)C
DB00701,S(=O)(=O)(N(C[C@@H](O)[C@@H](NC(=O)O[C@H]1CCOC1)Cc1ccccc1)CC(C)C)c1ccc(N)cc1
DB00703,CC(=O)N=c1n(nc(s1)S(=O)(=O)N)C
DB00704,O1[C@@H]2[C@]34[C@](O)([C@H](N(CC3)CC3CC3)Cc3c4c1c(O)cc3)CCC2=O
DB00705,S(=O)(=O)(Nc1cc2cc([nH]c2cc1)C(=O)N1CCN(CC1)c1ncccc1NC(C)C)C
DB00706,S(=O)(=O)(N)c1cc(C[C@H](NCCOc2c(OCC)cccc2)C)ccc1OC
DB00708,s1c(CCN2CCC(N(c3ccccc3)C(=O)CC)(CC2)COC)ccc1
DB00709,S1C[C@H](O[C@H]1CO)n1ccc(nc1=O)N
DB00712,Fc1c(ccc(C(C)C(=O)O)c1)c1ccccc1
DB00713,S1[C@H]2N([C@H](C1(C)C)C(=O)O)C(=O)[C@H]2NC(=O)c1c(noc1C)c1ccccc1
DB00714,Oc1c2c3c4[C@H](N(CCc4ccc3)C)Cc2ccc1O
DB00715,Fc1ccc([C@H]2[C@@H](CNCC2)COc2cc3OCOc3cc2)cc1
DB00718,P(=O)(OCOC(=O)C(C)(C)C)(OCOC(=O)C(C)(C)C)COCCn1c2ncnc(N)c2nc1
DB00721,O(CCN(CC)CC)C(=O)c1ccc(N)cc1
DB00724,c12c(cccc1)nc(c1c2n(cn1)CC(C)C)N
DB00727,O([N+](=O)[O-])C(CO[N+](=O)[O-])CO[N+](=O)[O-]
DB00728,[C@H]1([C@H](C[C@H]2[C@](C1)([C@@H]1[C@@H](CC2)[C@H]2[C@](CC1)([C@H]([C@H](C2)[N+]1(CCCC1)CC=C)OC(=O)C)C)C)O)N1CCOCC1
DB00730,s1cc(nc1)c1[nH]c2c(n1)cccc2
DB00731,[C@@H]1(C(=O)N[C@H](Cc2ccccc2)C(=O)O)CC[C@H](CC1)C(C)C
DB00732,S(=O)(=O)([O-])c1ccccc1.S(=O)(=O)([O-])c1ccccc1.O(c1cc2C([N+](CCc2cc1OC)(CCC(=O)OCCCCCOC(=O)CC[N+]1(C(c2c(CC1)cc(OC)c(OC)c2)Cc1cc(OC)c(OC)cc1)C)C)Cc1cc(OC)c(OC)cc1)C
DB00733,c1cc[n+](C)c(c1)/C=N/O
DB00734,Fc1cc2onc(C3CCN(CC3)CCc3c(=O)n4CCCCc4nc3C)c2cc1
DB00740,s1c2c(nc1N)ccc(OC(F)(F)F)c2
DB00742,C([C@H]([C@H]([C@@H]([C@@H](CO)O)O)O)O)O
DB00745,S(=O)(C(c1ccccc1)c1ccccc1)CC(=O)N
DB00749,O1C(c2[nH]c3c(c2CC1)cccc3CC)(CC)CC(=O)O
DB00750,O=C(Nc1c(cccc1)C)C(NCCC)C
DB00751,N12C(c3c(Cc4c1cccc4)cccc3)CN=C2N
DB00753,ClC(OC(F)F)C(F)(F)F
DB00754,O=C1N(C(=O)NC1c1ccccc1)CC
DB00756,Clc1c(Cc2c(O)c(Cl)cc(Cl)c2Cl)c(O)c(Cl)cc1Cl
DB00757,[C@H]12N3[C@H](C[C@H](C1)OC(=O)c1c[nH]c4c1cccc4)C[C@H](C(=O)C3)C2
DB00758,Clc1c([C@H](N2CCc3sccc3C2)C(=O)OC)cccc1
DB00759,c12c(C(=O)C3=C([C@]4([C@@H](C[C@@H]3[C@@]1(O)C)[C@@H](C(=C(C4=O)C(=O)N)O)N(C)C)O)O)c(ccc2)O
DB00760,[C@H]12[C@@H](C)C(=C(N1C(=O)[C@@H]2[C@@H](C)O)C(=O)O)S[C@@H]1CN[C@@H](C1)C(=O)N(C)C
DB00762,c1(ccc2c(c1)c(c1c(n2)c2n(C1)c(=O)c1c(c2)[C@](C(=O)OC1)(CC)O)CC)OC(=O)N1CCC(CC1)N1CCCCC1
DB00763,S=c1n(cc[nH]1)C
DB00768,O1c2c(/C(=C\CCN(C)C)/c3c(C1)cccc3)cc(cc2)CC(=O)O
DB00772,S(P(=S)(OC)OC)C(CC(=O)OCC)C(=O)OCC
DB00773,O([C@H]1[C@@H]2[C@@H]([C@@H](c3c1cc1OCOc1c3)c1cc(OC)c(O)c(OC)c1)C(=O)OC2)[C@@H]1O[C@H]2[C@@H](O[C@@H](OC2)C)[C@H](O)[C@H]1O
DB00776,c1ccc2c(c1)CC(=O)c1c(N2C(=O)N)cccc1
DB00779,O=c1c2c(n(CC)cc1C(=O)O)nc(cc2)C
DB00780,N(N)CCc1ccccc1
DB00782,O(CC[N+](C(C)C)(C(C)C)C)C(=O)C1c2c(Oc3c1cccc3)cccc2
DB00783,O[C@@H]1[C@@]2([C@H]([C@H]3[C@H](CC2)c2c(CC3)cc(O)cc2)CC1)C
DB00784,OC(=O)c1c(Nc2c(c(ccc2)C)C)cccc1
DB00788,c1cc(cc2c1cc(cc2)[C@@H](C(=O)O)C)OC
DB00790,N1([C@@H]2[C@H](C[C@H]1C(=O)O)CCCC2)C(=O)[C@@H](N[C@H](C(=O)OCC)CCC)C
DB00794,O=C1NCNC(=O)C1(CC)c1ccccc1
DB00795,c1(S(=O)(=O)Nc2ccccn2)ccc(cc1)/N=N/c1cc(c(cc1)O)C(=O)O
DB00796,c12n(c(nc1cccc2C(=O)OC(OC(=O)OC1CCCCC1)C)OCC)Cc1ccc(cc1)c1c(c2[nH]nnn2)cccc1
DB00799,S1CCC(c2c1ccc(c2)C#Cc1ncc(cc1)C(=O)OCC)(C)C
DB00800,Clc1c2c(C(CNCC2)c2ccc(O)cc2)cc(O)c1O
DB00802,C1(CCN(CC1)CCn1c(=O)n(nn1)CC)(COC)N(C(=O)CC)c1ccccc1
DB00804,O(C(=O)C1(C2CCCCC2)CCCCC1)CCN(CC)CC
DB00806,O=c1n(CCCCC(=O)C)c(=O)n(c2ncn(c12)C)C
DB00808,Clc1c(S(=O)(=O)N)cc(C(=O)NN2C(Cc3c2cccc3)C)cc1
DB00809,O=C(N(Cc1ccncc1)CC)C(c1ccccc1)CO
DB00810,C(C1C2C=CC(C1)C2)(CCN1CCCCC1)(c1ccccc1)O
DB00811,O1[C@@H]([C@@H](O)[C@@H](O)[C@@H]1n1nc(nc1)C(=O)N)CO
DB00813,O=C(N(C1CCN(CC1)CCc1ccccc1)c1ccccc1)CC
DB00814,c12c(S(=O)(=O)N(C(=C1O)C(=O)Nc1ncc(s1)C)C)cccc2
DB00818,Oc1c(C(C)C)cccc1C(C)C
DB00819,S(=O)(=O)(N)c1sc(NC(=O)C)nn1
DB00820,O=C1N(CC(=O)N2[C@@H]1Cc1c([nH]c3c1cccc3)[C@H]2c1cc2OCOc2cc1)C
DB00822,S(SC(=S)N(CC)CC)C(=S)N(CC)CC
DB00826,[C@@]12(O[C@H]([C@@H]([C@H](C1)O)C(=O)O)C[C@@H](O[C@H]1[C@H]([C@H]([C@@H]([C@H](O1)C)O)N)O)/C=C/C=C/C=C/C=C/C[C@H](OC(=O)/C=C/[C@H]1O[C@@H]1C[C@@H](C2)O)C)O
DB00827,O1c2cc3n(nc(c(=O)c3cc2OC1)C(=O)O)CC
DB00828,[C@@H]1([C@H](O1)P(=O)(O)O)C
DB00829,Clc1cc2c(N(C(=O)CN=C2c2ccccc2)C)cc1
DB00831,S1c2c(N(CCCN3CCN(CC3)C)c3c1cccc3)cc(cc2)C(F)(F)F
DB00833,[C@@H]12N(C(=C(CS1)Cl)C(=O)O)C(=O)[C@H]2NC(=O)[C@@H](c1ccccc1)N
DB00834,C1C2=C3[C@@H](CCC2=CC(=O)C1)[C@@H]1CC[C@@]([C@]1(C[C@@H]3c1ccc(cc1)N(C)C)C)(O)C#CC
DB00835,Brc1ccc(C(CCN(C)C)c2ncccc2)cc1
DB00836,Clc1ccc(C2(O)CCN(CC2)CCC(c2ccccc2)(c2ccccc2)C(=O)N(C)C)cc1
DB00839,S(=O)(=O)(NC(=O)NN1CCCCCC1)c1ccc(cc1)C
DB00841,Oc1cc(CCNC(CCc2ccc(O)cc2)C)ccc1O
DB00842,Clc1cc2C(=NC(O)C(=O)Nc2cc1)c1ccccc1
DB00843,O=C1C(CC2CCN(CC2)Cc2ccccc2)Cc2c1cc(OC)c(OC)c2
DB00844,c12c3c(c(cc1)O)O[C@H]1[C@H](CC[C@]4([C@H](N(CC[C@]314)CC1CCC1)C2)O)O
DB00845,c12n(c3c(nc1cc(c(=NC(C)C)c2)Nc1ccc(Cl)cc1)cccc3)c1ccc(cc1)Cl
DB00850,Clc1cc2N(CCCN3CCN(CC3)CCO)c3c(Sc2cc1)cccc3
DB00851,c1nc(c([nH]1)/N=N/N(C)C)C(=O)N
DB00853,O=c1n2c(nnn1C)c(nc2)C(=O)N
DB00857,c1ccc2c(c1)c(ccc2)CN(C/C=C/C#CC(C)(C)C)C
DB00860,C1C[C@]([C@]2(C[C@@H]([C@@H]3[C@@]4(C(=CC(=O)C=C4)CC[C@H]3[C@H]12)C)O)C)(O)C(=O)CO
DB00861,Fc1c(c2cc(c(O)cc2)C(=O)O)ccc(F)c1
DB00862,S(=O)(=O)(N1CCN(CC1)CC)c1cc(c(OCC)cc1)c1[nH]n2c(nc(c2c(=O)n1)C)CCC
DB00863,[N+](=O)(C=C(NC)NCCSCc1oc(cc1)CN(C)C)[O-]
DB00864,C(=C\[C@@H]1CC[C@H]([C@@H](C1)OC)O)(/[C@@H]1[C@@H]([C@H](CC(=O)[C@@H](/C=C(\C)/C[C@H](C)C[C@@H]([C@@H]2[C@H](C[C@H]([C@](O2)(O)C(=O)C(=O)N2CCCC[C@H]2C(=O)O1)C)OC)OC)CC=C)O)C)\C
DB00868,c1(ccc(cc1)NCCCC)C(=O)OCCOCCOCCOCCOCCOCCOCCOCCOCCOC
DB00869,c12c([C@H](C[C@@H](S1(=O)=O)C)NCC)cc(s2)S(=O)(=O)N
DB00870,s1c(C(=O)c2ccc(C(C)C(=O)O)cc2)ccc1
DB00871,OC(CNC(C)(C)C)c1cc(O)cc(O)c1
DB00872,O=C(N1CCc2[nH]c(nc2c2c1cccc2)C)c1ccc(NC(=O)c2c(c3ccccc3)cccc2)cc1
DB00874,OC(CO)COc1c(OC)cccc1
DB00876,n1(Cc2ccc(cc2)C(=O)O)c(/C=C(/C(=O)O)\Cc2sccc2)cnc1CCCC
DB00878,C(NC(=N)NC(=N)Nc1ccc(cc1)Cl)CCCCCNC(=N)NC(=N)Nc1ccc(cc1)Cl
DB00879,S1C[C@H](O[C@H]1CO)n1cc(F)c(nc1=O)N
DB00881,O=C(N1[C@@H](Cc2c(C1)cccc2)C(=O)O)[C@@H](N[C@@H](CCc1ccccc1)C(=O)OCC)C
DB00883,C1O[C@@H]2[C@H](CO[C@@H]2[C@@H]1O[N+](=O)[O-])O[N+](=O)[O-]
DB00887,S(=O)(=O)(N)c1c(Oc2ccccc2)c(NCCCC)cc(c1)C(=O)O
DB00889,c1(nn(c2c1cccc2)C)C(=O)N[C@@H]1C[C@@H]2CCC[C@H](C1)N2C
DB00896,[C@@]12([C@H]([C@H]3[C@@H]([C@@]4(C(=CC(=O)C=C4)CC3)C)[C@H](C2)O)C[C@H]([C@@]1(C(=O)CC)C)C)C
DB00897,Clc1cc2c(n3c(nnc3C)CN=C2c2c(Cl)cccc2)cc1
DB00898,OCC
DB00899,O(C(=O)C1(N(c2ccccc2)C(=O)CC)CCN(CC1)CCC(=O)OC)C
DB00900,O1[C@@H](n2c3[nH]cnc(=O)c3nc2)CC[C@H]1CO
DB00903,Clc1c(C(=O)C(=C)CC)ccc(OCC(=O)O)c1Cl
DB00904,O=C1C(CCc2n(c3c(c12)cccc3)C)Cn1c(ncc1)C
DB00905,[C@@H]1(C[C@H]([C@@H]([C@H]1C/C=C\CCCC(=O)NCC)/C=C/[C@H](CCc1ccccc1)O)O)O
DB00906,s1c(C(=CCCN2C[C@@H](CCC2)C(=O)O)c2sccc2C)c(cc1)C
DB00907,C1C[C@H]2C[C@@H]([C@H](C(=O)OC)[C@@H]1N2C)OC(=O)c1ccccc1
DB00908,O[C@H]([C@@H]1N2C[C@@H]([C@H](C1)CC2)C=C)c1c2c(ncc1)ccc(OC)c2
DB00909,S(=O)(=O)(N)Cc1noc2c1cccc2
DB00910,C1CC/C(=C\C=C\2/C[C@H](C[C@@H](C2)O)O)/[C@@H]2CC[C@H]([C@H](C)/C=C/[C@@H](C(C)(C)O)C)[C@@]12C
DB00911,S(=O)(=O)(CCn1c(ncc1[N+](=O)[O-])C)CC
DB00912,O=C(N[C@H](c1c(N2CCCCC2)cccc1)CC(C)C)Cc1cc(OCC)c(cc1)C(=O)O
DB00915,NC12CC3CC(C1)CC(C2)C3
DB00916,OCCn1c(ncc1[N+](=O)[O-])C
DB00918,S(=O)(=O)(N1CCCC1)Cc1cc2c(CCN(C)C)c[nH]c2cc1
DB00919,O1[C@H]2[C@H](O[C@@H]3O[C@@H](CC(=O)[C@]13O)C)[C@@H](O)[C@H](NC)[C@H](O)[C@@H]2NC
DB00920,s1c2c(C(=C3CCN(CC3)C)c3c(CC2=O)cccc3)cc1
DB00921,O1[C@@H]2[C@]34[C@]5(C[C@@H]([C@]2(OC)CC5)[C@](O)(C(C)(C)C)C)[C@H](N(CC3)CC2CC2)Cc2c4c1c(O)cc2
DB00924,N(CC/C=C\1/c2c(C=Cc3c1cccc3)cccc2)(C)C
DB00925,ClCCN(C(COc1ccccc1)C)Cc1ccccc1
DB00927,c1sc(nc1CSCC/C(=N/S(=O)(=O)N)/N)N=C(N)N
DB00929,O[C@H]1[C@@H]([C@@H](CCCCCCC(=O)OC)C(=O)C1)/C=C/CC(O)(CCCC)C
DB00932,CCC[C@@]1(CCc2ccccc2)CC(=C([C@H](CC)c2cccc(c2)NS(=O)(=O)c2ccc(cn2)C(F)(F)F)C(=O)O1)O
DB00933,N1(c2cc(S(=O)C)ccc2Sc2c1cccc2)CCC1N(C)CCCC1
DB00937,O=C(C(N(CC)CC)C)c1ccccc1
DB00938,O(CCCCCCNCC(O)c1cc(c(O)cc1)CO)CCCCc1ccccc1
DB00949,O(CC(c1ccccc1)COC(=O)N)C(=O)N
DB00950,c1cccc(c1)C(c1ccccc1)(C1CCN(CC1)CCCC(c1ccc(cc1)C(C(=O)O)(C)C)O)O
DB00951,O=C(NN)c1ccncc1
DB00952,S(=O)(=O)(NC)CCc1cc2c(C3CCN(CC3)C)c[nH]c2cc1
DB00953,[nH]1c2c(c(CCN(C)C)c1)cc(cc2)Cn1ncnc1
DB00958,O1C(=O)C2(C(=O)O[Pt]1(N)N)CCC2
DB00959,C1C[C@]([C@]2(C[C@@H]([C@@H]3[C@@]4(C(=CC(=O)C=C4)[C@H](C[C@H]3[C@H]12)C)C)O)C)(O)C(=O)CO
DB00960,O(CC(O)CNC(C)C)c1c2c([nH]cc2)ccc1
DB00961,C(=O)(Nc1c(cccc1C)C)C1N(C)CCCC1
DB00962,O=C(N(c1cc(c2n3ncc(c3ncc2)C#N)ccc1)CC)C
DB00963,Brc1ccc(C(=O)c2c(N)c(CC(=O)O)ccc2)cc1
DB00964,Clc1c(NC2=NCCN2)c(Cl)cc(N)c1
DB00966,OC(=O)c1c(c2ccc(Cn3c4c(nc3CCC)c(cc(c4)c3n(c4c(n3)cccc4)C)C)cc2)cccc1
DB00967,Clc1cc2c(C(=C3CCNCC3)c3ncccc3CC2)cc1
DB00968,c1c(O)c(cc(c1)C[C@](C(=O)O)(C)N)O
DB00969,O=C1N(CCc2n(c3c(c12)cccc3)C)Cc1nc[nH]c1C
DB00972,Clc1ccc(Cc2nn(C3CCCN(CC3)C)c(=O)c3c2cccc3)cc1
DB00973,c1cc(ccc1F)N1C(=O)[C@@H]([C@H]1c1ccc(cc1)O)CC[C@@H](c1ccc(cc1)F)O
DB00975,OCCN(c1nc(N2CCCCC2)c2nc(nc(N3CCCCC3)c2n1)N(CCO)CCO)CCO
DB00976,[C@]12([C@H](N(C(=O)O1)CCCCn1cc(nc1)c1cnccc1)[C@H](C(=O)[C@@H](C[C@]([C@@H]([C@H](C(=O)[C@H](C(=O)O[C@@H]2CC)C)C)O[C@H]1[C@@H]([C@H](C[C@H](O1)C)N(C)C)O)(OC)C)C)C)C
DB00978,Fc1c(N2CC(NCC2)C)c(F)cc2c1n(CC)cc(c2=O)C(=O)O
DB00979,OC1(CCCC1)C(c1ccccc1)C(=O)OCCN(C)C
DB00980,O1c2c(c3[C@@H](CCc3cc2)CCNC(=O)CC)CC1
DB00981,O(c1cc2[C@]3([C@H](N(CC3)C)N(c2cc1)C)C)C(=O)NC
DB00983,OC(CNC(Cc1ccc(OC)cc1)C)c1cc(NC=O)c(O)cc1
DB00986,C(=O)(C(c1ccccc1)(C1CCCC1)O)OC1C[N+](CC1)(C)C
DB00988,Oc1cc(CCN)ccc1O
DB00989,O(c1cc([C@@H](N(C)C)C)ccc1)C(=O)N(CC)C
DB00990,O=C1[C@@]2([C@H]([C@H]3[C@H](CC2)[C@@]2(C(=CC(=O)C=C2)C(=C)C3)C)CC1)C
DB00991,o1c(c(nc1CCC(=O)O)c1ccccc1)c1ccccc1
DB00993,S(c1n(cnc1[N+](=O)[O-])C)c1ncnc2nc[nH]c12
DB00994,O([C@H]1[C@H](O[C@H]2O[C@@H]([C@@H](O)[C@H](O)[C@H]2N)CN)[C@@H](N)C[C@@H](N)[C@@H]1O)[C@@H]1O[C@@H]([C@@H](O[C@H]2O[C@H]([C@@H](O)[C@H](O)[C@H]2N)CN)[C@H]1O)CO
DB00996,OC(=O)CC1(CCCCC1)CN
DB00997,O([C@H]1C[C@@](O)(Cc2c1c(O)c1c(c2O)C(=O)c2c(C1=O)c(OC)ccc2)C(=O)CO)[C@@H]1O[C@H]([C@@H](O)[C@@H](N)C1)C
DB00998,O=C(N)c1cc2c3C[C@H](NC)CCc3[nH]c2cc1
DB00999,Clc1c(S(=O)(=O)N)cc2S(=O)(=O)NCNc2c1
DB01004,n1(c2c(nc1)c(=O)[nH]c(n2)N)COC(CO)CO
DB01005,ONC(=O)N
DB01006,n1(ncnc1)C(c1ccc(cc1)C#N)c1ccc(cc1)C#N
DB01008,C(CCOS(=O)(=O)C)COS(=O)(=O)C
DB01009,OC(=O)C(c1cc(ccc1)C(=O)c1ccccc1)C
DB01011,c1c(cncc1)C(C(=O)c1cccnc1)(C)C
DB01012,FC(F)(F)c1cc(CCCN[C@@H](c2c3c(ccc2)cccc3)C)ccc1
DB01013,[C@]12([C@H]([C@H]3[C@]([C@H](C1)O)([C@@]1(C(=CC(=O)C=C1)CC3)C)F)C[C@@H]([C@@]2(C(=O)CCl)OC(=O)CC)C)C
DB01014,c1(C(=O)O)c(ccc(/N=N/c2ccc(C(=O)NCCC(=O)O)cc2)c1)O
DB01017,c1(ccc(c2c1C[C@@H]1C(=C([C@]3([C@@H](C1)[C@@H](C(=C(C3=O)C(=O)N)O)N(C)C)O)O)C2=O)O)N(C)C
DB01018,c1(CC(=O)NC(=N)N)c(cccc1Cl)Cl
DB01019,C([N+](C)(C)C)C(OC(=O)N)C
DB01023,c1cc(c(c(c1)Cl)Cl)C1C(=C(NC(=C1C(=O)OC)C)C)C(=O)OCC
DB01024,O1Cc2c(c(O)c(c(OC)c2C)C/C=C(/CCC(=O)O)\C)C1=O
DB01026,c1(cc(c(cc1)C1(OCC(COc2ccc(cc2)N2CCN(CC2)C(=O)C)O1)Cn1ccnc1)Cl)Cl
DB01029,O=C1N(C(=NC21CCCC2)CCCC)Cc1ccc(cc1)c1c(cccc1)c1n[nH]nn1
DB01030,O1Cc2c([C@@](O)(CC)C1=O)cc1n(Cc3c1nc1c(c3)c(CN(C)C)c(O)cc1)c2=O
DB01032,S(=O)(=O)(N(CCC)CCC)c1ccc(cc1)C(=O)O
DB01035,O=C(NCCN(CC)CC)c1ccc(N)cc1
DB01036,c1cc(cc(c1O)[C@H](CCN(C(C)C)C(C)C)c1ccccc1)C
DB01037,C(#C)CN([C@@H](Cc1ccccc1)C)C
DB01039,Clc1ccc(C(=O)c2ccc(OC(C)(C)C(=O)OC(C)C)cc2)cc1
DB01041,O=C1NC(=O)CCC1N1C(=O)c2c(C1=O)cccc2
DB01042,c1(N(CCCl)CCCl)ccc(cc1)C[C@@H](C(=O)O)N
DB01043,NC12CC3(CC(C1)(CC(C3)C2)C)C
DB01044,Fc1c(N2CC(NCC2)C)c(OC)c2n(C3CC3)cc(c(=O)c2c1)C(=O)O
DB01046,[C@]1(CC[C@H]2[C@H](O1)CC(=O)[C@@H]2CCCCCCC(=O)O)(C(CCCC)(F)F)O
DB01047,[C@@]12([C@@]3([C@@H](C[C@H]1OC(O2)(C)C)[C@H]1[C@]([C@H](C3)O)([C@@]2(C(=CC(=O)C=C2)[C@H](C1)F)C)F)C)C(=O)COC(=O)C
DB01048,c12n(cnc1c(nc(n2)N)NC1CC1)[C@H]1C=C[C@H](C1)CO
DB01050,OC(=O)C(c1ccc(CC(C)C)cc1)C
DB01058,O=C(N1CC2N(CCc3c2cccc3)C(=O)C1)C1CCCCC1
DB01059,Fc1c(N2CCNCC2)cc2n(CC)cc(c(=O)c2c1)C(=O)O
DB01060,S1[C@H]2N([C@H](C1(C)C)C(=O)O)C(=O)[C@H]2NC(=O)[C@H](N)c1ccc(O)cc1
DB01062,OC(C1CCCCC1)(c1ccccc1)C(=O)OCC#CCN(CC)CC
DB01064,OC(CNC(C)C)c1cc(O)c(O)cc1
DB01067,S(=O)(=O)(NC(=O)NC1CCCCC1)c1ccc(cc1)CCNC(=O)c1ncc(nc1)C
DB01068,Clc1c(C2=NCC(=O)Nc3c2cc([N+](=O)[O-])cc3)cccc1
DB01069,S1c2c(N(CC(N(C)C)C)c3c1cccc3)cccc2
DB01072,COC(=O)N[C@H](C(=O)N[C@H]([C@H](CN(NC(=O)[C@@H](NC(=O)OC)C(C)(C)C)Cc1ccc(cc1)c1ccccn1)O)Cc1ccccc1)C(C)(C)C
DB01073,c12n([C@@H]3O[C@@H]([C@H]([C@@H]3O)O)CO)cnc1c(nc(n2)F)N
DB01075,O(C(c1ccccc1)c1ccccc1)CCN(C)C
DB01076,Fc1ccc(c2n(CC[C@@H](O)C[C@@H](O)CC(=O)O)c(C(C)C)c(C(=O)Nc3ccccc3)c2c2ccccc2)cc1
DB01079,c1c(ccc2c1c(c[nH]2)/C=N/NC(=N)NCCCCC)OC
DB01080,OC(=O)CCC(N)C=C
DB01082,[C@@H]1([C@@H]([C@H]([C@@H](O[C@H]1O[C@H]1[C@@H](O[C@@H](C)[C@@]1(C=O)O)O[C@@H]1[C@H]([C@H](O)[C@H]([C@H](O)[C@H]1O)NC(=N)N)NC(=N)N)CO)O)O)NC
DB01083,O1[C@H]([C@H](CCCCCC)C1=O)C[C@@H](OC(=O)[C@@H](NC=O)CC(C)C)CCCCCCCCCCC
DB01084,O(CCn1c(N2CCCN(CC2)C)nc2c1cccc2)CC
DB01085,O1C[C@@H]([C@H](CC)C1=O)Cc1n(cnc1)C
DB01086,O(C(=O)c1ccc(N)cc1)CC
DB01087,O(c1cc(NC(CCCN)C)c2ncccc2c1)C
DB01088,O[C@H]1[C@@H]([C@@H]2[C@H](C1)C/C(=C\CCCC(=O)O)/C2)/C=C/[C@@H](O)C(CC#CC)C
DB01095,Fc1ccc(c2c(n(C(C)C)c3c2cccc3)/C=C/[C@H](O)C[C@H](O)CC(=O)O)cc1
DB01097,FC(F)(F)c1ccc(NC(=O)c2c(onc2)C)cc1
DB01098,n1c(nc(c(c1c1ccc(cc1)F)/C=C/[C@H](C[C@H](CC(=O)O)O)O)C(C)C)N(S(=O)(=O)C)C
DB01100,Fc1ccc(C(CCCN2CCC(n3c4c([nH]c3=O)cccc4)CC2)c2ccc(F)cc2)cc1
DB01101,Fc1cn([C@@H]2O[C@@H]([C@@H](O)[C@H]2O)C)c(=O)nc1NC(=O)OCCCCC
DB01104,Clc1cc([C@@H]2CC[C@H](NC)c3c2cccc3)ccc1Cl
DB01105,Clc1ccc(C2(CCC2)C(N(C)C)CC(C)C)cc1
DB01106,C[C@@H]1CN(CC[C@]1(C(=O)O)c1ccccc1)[C@@H]1CC[C@@](CC1)(C#N)c1ccc(F)cc1
DB01110,Clc1c(C(OCc2c(Cl)cc(Cl)cc2)Cn2ccnc2)ccc(Cl)c1
DB01112,[C@@H]12N(C(=C(CS1)COC(=O)N)C(=O)O)C(=O)[C@H]2NC(=O)/C(=N\OC)/c1occc1
DB01113,O(c1cc2c(nccc2cc1OC)Cc1cc(OC)c(OC)cc1)C
DB01114,Clc1ccc(C(CCN(C)C)c2ncccc2)cc1
DB01115,O(C(=O)C1=C(NC(=C(C1c1c([N+](=O)[O-])cccc1)C(=O)OC)C)C)C
DB01117,C1(=C(C(=O)c2c(C1=O)cccc2)O)[C@@H]1CC[C@@H](c2ccc(cc2)Cl)CC1
DB01118,c1(c2c(oc1CCCC)cccc2)C(=O)c1cc(c(c(c1)I)OCCN(CC)CC)I
DB01119,Clc1cc2S(=O)(=O)N=C(Nc2cc1)C
DB01120,S(=O)(=O)(NC(=O)NN1CC2C(CCC2)C1)c1ccc(cc1)C
DB01126,C1=C[C@]2([C@H](NC1=O)CC[C@@H]1[C@@H]2CC[C@]2([C@H]1CC[C@@H]2C(=O)Nc1cc(ccc1C(F)(F)F)C(F)(F)F)C)C
DB01127,Clc1c(C(OCc2ccc(Cl)cc2)Cn2ccnc2)ccc(Cl)c1
DB01128,S(=O)(=O)(CC(O)(C)C(=O)Nc1cc(c(cc1)C#N)C(F)(F)F)c1ccc(F)cc1
DB01129,S(=O)(Cc1nccc(OCCCOC)c1C)c1[nH]c2c(n1)cccc2
DB01130,[C@]12([C@](C(=O)COC(=O)CC)(OC(=O)OCC)CC[C@H]1[C@H]1[C@@H]([C@@]3(C(=CC(=O)C=C3)CC1)C)[C@H](C2)O)C
DB01132,S1C(Cc2ccc(OCCc3ncc(CC)cc3)cc2)C(=O)NC1=O
DB01136,c1(c2c(ccc1)[nH]c1c2cccc1)OCC(CNCCOc1ccccc1OC)O
DB01140,[C@@H]12N(C(=C(CS1)C)C(=O)O)C(=O)[C@H]2NC(=O)[C@@H](c1ccc(cc1)O)N
DB01141,N12[C@H](C(=O)N[C@@H]([C@@H](C[C@@H](C(=O)N[C@H](C(=O)N3[C@H](C(=O)N[C@H](C(=O)N[C@H](C1=O)[C@@H](CC(=O)N)O)[C@@H]([C@H](c1cc(OS(=O)(=O)O)c(cc1)O)O)O)C[C@H](C3)O)[C@H](O)C)NC(=O)c1ccc(c3noc(c3)c3ccc(cc3)OCCCCC)cc1)O)O)[C@H]([C@H](C2)C)O
DB01142,C1(=CCCN(C)C)c2c(COc3c1cccc3)cccc2
DB01143,S(P(=O)(O)O)CCNCCCN
DB01148,O(CCN1CCCCC1)C(=O)c1c2oc(c(c(=O)c2ccc1)C)c1ccccc1
DB01149,Clc1cc(N2CCN(CC2)CCCn2nc(n(c2=O)CCOc2ccccc2)CC)ccc1
DB01150,N12[C@@H]([C@@H](C2=O)NC(=O)[C@H](N)c2ccc(cc2)O)SCC(=C1C(=O)O)C=CC
DB01151,N1(c2c(CCc3c1cccc3)cccc2)CCCNC
DB01156,Clc1cc(C(=O)C(NC(C)(C)C)C)ccc1
DB01157,O(c1cc(NCc2c(c3c(nc(nc3N)N)cc2)C)cc(OC)c1OC)C
DB01158,Brc1c(C[N+](CC)(C)C)cccc1
DB01159,FC(F)(F)C(Br)Cl
DB01161,Clc1c(C(=O)OCCN(CC)CC)ccc(N)c1
DB01162,O1C(CCC1)C(=O)N1CCN(CC1)c1nc2c(c(n1)N)cc(OC)c(OC)c2
DB01165,Fc1c(N2CCN(CC2)C)c2OCC(n3c2c(c1)c(=O)c(c3)C(=O)O)C
DB01167,C1CN(CCN1c1ccc(cc1)n1cnn(c1=O)C(CC)C)c1ccc(cc1)OC[C@H]1CO[C@@](O1)(c1c(cc(cc1)Cl)Cl)Cn1cncn1
DB01168,O=C(NC(C)C)c1ccc(CNNC)cc1
DB01169,[As](=O)O[As]=O
DB01173,O(C(c1c(cccc1)C)c1ccccc1)CCN(C)C
DB01174,O=C1NC(=O)NC(=O)C1(CC)c1ccccc1
DB01177,O([C@H]1C[C@@](O)(Cc2c1c(O)c1c(c2O)C(=O)c2c(C1=O)cccc2)C(=O)C)[C@@H]1O[C@H]([C@@H](O)[C@@H](N)C1)C
DB01181,ClCCN1P(=O)(OCCC1)NCCCl
DB01182,c1(C(=O)CCc2ccccc2)c(OCC(O)CNCCC)cccc1
DB01183,c12c3c(c(cc1)O)O[C@H]1C(=O)CC[C@]4([C@H](N(CC[C@]314)CC=C)C2)O
DB01184,Clc1cc2[nH]c(=O)n(C3CCN(CC3)CCCn3c4c([nH]c3=O)cccc4)c2cc1
DB01185,F[C@]12[C@H]([C@H]3[C@@]([C@@](O)(CC3)C)(C[C@@H]2O)C)CCC2=CC(=O)CC[C@]12C
DB01186,S(C[C@@H]1C[C@H]2[C@H](N(C1)CCC)Cc1c3c2cccc3[nH]c1)C
DB01188,On1c(C2CCCCC2)cc(cc1=O)C
DB01189,FC(OC(F)F)C(F)(F)F
DB01190,O1[C@@H]([C@H](O)[C@@H](O)[C@@H](O)[C@H]1C(C(C)Cl)NC(=O)[C@@H]1C[C@H](CN1C)CCC)SC
DB01193,c1(c(cc(cc1)NC(=O)CCC)C(=O)C)OCC(CNC(C)C)O
DB01194,S1(=O)(=O)N(C[C@H](NCC)c2c1sc(S(=O)(=O)N)c2)CCCOC
DB01195,FC(F)(F)COc1c(C(=O)NCC2NCCCC2)cc(OCC(F)(F)F)cc1
DB01196,C1C[C@@H]([C@]2(CC[C@@H]3c4c(CC[C@H]3[C@H]12)cc(cc4)OC(=O)N(CCCl)CCCl)C)O
DB01198,Clc1ccc(N2C(OC(=O)N3CCN(CC3)C)c3nccnc3C2=O)nc1
DB01200,[C@H]12N(C[C@@H](C=C1c1c3c(ccc1)[nH]c(c3C2)Br)C(=O)N[C@@]1(O[C@@]2(N([C@H](C(=O)N3CCC[C@@H]23)CC(C)C)C1=O)O)C(C)C)C
DB01201,c12c3c4C(=O)[C@@](O/C=C/[C@@H]([C@H]([C@H]([C@@H]([C@@H]([C@@H]([C@@H](O)[C@H](/C=C/C=C(\C(=O)Nc(c2O)c(c3O)/C=N/N2CCN(CC2)C2CCCC2)/C)C)C)O)C)OC(=O)C)C)OC)(Oc4c(c1O)C)C
DB01203,O[C@@H]1[C@H](O)Cc2c(C1)c(OCC(O)CNC(C)(C)C)ccc2
DB01204,c1(ccc(c2c1C(=O)c1c(C2=O)c(ccc1NCCNCCO)NCCNCCO)O)O
DB01205,Fc1cc2c(n3c(CN(C2=O)C)c(nc3)C(=O)OCC)cc1
DB01206,ClCCN(N=O)C(=O)NC1CCCCC1
DB01210,O(c1c2CCCC(=O)c2ccc1)C[C@@H](O)CNC(C)(C)C
DB01211,[C@@H]1([C@@H]([C@H](C[C@H](O1)C)N(C)C)O)O[C@@H]1[C@H]([C@@H]([C@H](C(=O)O[C@@H]([C@]([C@@H]([C@H](C(=O)[C@@H](C[C@]1(OC)C)C)C)O)(O)C)CC)C)O[C@H]1C[C@]([C@H]([C@@H](O1)C)O)(OC)C)C
DB01212,[C@@H]12N(C(=C(CS1)CSc1nc(=O)c(=O)[nH]n1C)C(=O)O)C(=O)[C@H]2NC(=O)/C(=N\OC)/c1csc(n1)N
DB01214,O(CC(O)CNC(C)C)c1c(c(c(OC(=O)C)c(c1)C)C)C
DB01215,Clc1cc2c(n3c(nnc3)CN=C2c2ccccc2)cc1
DB01216,O=C(NC(C)(C)C)[C@@H]1[C@@]2([C@H]([C@H]3[C@@H]([C@@]4([C@H](NC(=O)C=C4)CC3)C)CC2)CC1)C
DB01217,c1c(cc(cc1Cn1ncnc1)C(C#N)(C)C)C(C#N)(C)C
DB01218,Clc1c2cc(C(O)CCN(CCCC)CCCC)c3c(c2cc(Cl)c1)cc(cc3)C(F)(F)F
DB01219,c1(c2ccc(cc2)[N+](=O)[O-])oc(cc1)/C=N/N1CC(=O)NC1=O
DB01220,[C@@H]1([C@H]([C@H](OC(=O)C)[C@@H]([C@@H](OC)/C=C/O[C@]2(Oc3c(c(c4c(c(NC(=O)/C(=C\C=C\[C@@H]([C@H](O)[C@H]1C)C)/C)c1c(c4c3C2=O)nc2n1ccc(c2)C)O)O)C)C)C)C)O
DB01221,Clc1c(C2(NC)CCCCC2=O)cccc1
DB01222,[C@@]12([C@@]3([C@@H](C[C@H]1OC(O2)CCC)[C@H]1[C@H]([C@H](C3)O)[C@@]2(C(=CC(=O)C=C2)CC1)C)C)C(=O)CO
DB01223,O=c1n(c(=O)n(c2nc[nH]c12)C)C.O=c1n(c(=O)n(c2nc[nH]c12)C)C.NCCN
DB01224,S1c2c(C(=Nc3c1cccc3)N1CCN(CC1)CCOCCO)cccc2
DB01226,O(CCC[N+]1([C@@H](c2c(CC1)cc(OC)c(OC)c2)Cc1cc(OC)c(OC)c(OC)c1)C)C(=O)CC/C=C/CCC(=O)OCCC[N+]1([C@@H](c2c(CC1)cc(OC)c(OC)c2)Cc1cc(OC)c(OC)c(OC)c1)C
DB01229,[C@H]1(OC(=O)c2ccccc2)[C@@H]2[C@@]3(CO[C@@H]3C[C@@H]([C@]2(C(=O)[C@@H](C2=C([C@H](C[C@]1(O)C2(C)C)OC(=O)[C@@H]([C@H](c1ccccc1)NC(=O)c1ccccc1)O)C)OC(=O)C)C)O)OC(=O)C
DB01230,O1C(c2ccccc2)C(=O)N=C1N
DB01232,N1([C@@H](C[C@H]2[C@@H](C1)CCCC2)C(=O)NC(C)(C)C)C[C@H]([C@H](Cc1ccccc1)NC(=O)[C@@H](NC(=O)c1nc2c(cc1)cccc2)CC(=O)N)O
DB01233,c1(c(cc(c(c1)Cl)N)OC)C(=O)NCCN(CC)CC
DB01234,C1=CC(=O)C=C2CC[C@H]3[C@@H]4C[C@H]([C@@](O)([C@]4(C[C@@H]([C@@]3([C@@]12C)F)O)C)C(=O)CO)C
DB01236,FC(F)(F)C(OCF)C(F)(F)F
DB01238,Clc1c(N2CCN(CC2)CCCCOc2cc3NC(=O)CCc3cc2)cccc1Cl
DB01241,O(CCCC(C)(C)C(=O)O)c1c(ccc(c1)C)C
DB01242,Clc1cc2N(CCCN(C)C)c3c(CCc2cc1)cccc3
DB01247,o1nc(C(=O)NNCc2ccccc2)cc1C
DB01248,[C@@H]12C[C@@H]([C@]3(C(=O)[C@@H](C4=C([C@H](C[C@]([C@H]([C@@H]3[C@]1(OC(=O)C)CO2)OC(=O)c1ccccc1)(O)C4(C)C)OC(=O)[C@@H]([C@@H](NC(=O)OC(C)(C)C)c1ccccc1)O)C)O)C)O
DB01249,c1(c(c(c(c(c1I)C(=O)NCC(CO)O)I)C(=O)NCC(CO)O)I)N(CC(CN(c1c(c(c(c(c1I)C(=O)NCC(CO)O)I)C(=O)NCC(CO)O)I)C(=O)C)O)C(=O)C
DB01250,c1(cc(c(cc1)O)C(=O)O)/N=N/c1cc(c(cc1)O)C(=O)O
DB01254,Clc1c(NC(=O)c2sc(Nc3nc(nc(N4CCN(CC4)CCO)c3)C)nc2)c(ccc1)C
DB01258,O[C@H]([C@@H](N)C[C@@H](C(C)C)Cc1cc(OCCCOC)c(OC)cc1)C[C@@H](C(C)C)C(=O)NCC(C)(C)C(=O)N
DB01260,[C@@]12([C@@]3([C@H]([C@H]4[C@@H]([C@@]5(C(=CC(=O)C=C5)CC4)C)[C@H](C3)O)C[C@H]1OC(O2)(C)C)C)C(=O)CO
DB01261,FC(F)(F)c1n2CCN(Cc2nn1)C(=O)C[C@H](N)Cc1c(F)cc(F)c(F)c1
DB01263,CC[C@@H]([C@H](C)O)n1c(=O)n(cn1)c1ccc(cc1)N1CCN(CC1)c1ccc(cc1)OC[C@H]1C[C@](Cn2cncn2)(c2ccc(cc2F)F)OC1
DB01264,C([C@H](NC(=O)O[C@H]1CO[C@@H]2[C@H]1CCO2)[C@@H](CN(S(=O)(=O)c1ccc(cc1)N)CC(C)C)O)c1ccccc1
DB01268,Fc1cc2/C(=C/c3[nH]c(c(c3C)C(=O)NCCN(CC)CC)C)/C(=O)Nc2cc1
DB01273,c12c(cc3c(c1)nccn3)C1CNCC2C1
DB01275,N(N)c1nncc2c1cccc2
DB01280,O1[C@@H](n2c3nc(nc(OC)c3nc2)N)[C@@H](O)[C@H](O)[C@H]1CO
DB01291,OC(CNC(C)(C)C)c1nc(c(O)cc1)CO
DB01319,S(=O)(=O)(N(C[C@@H](OP(=O)(O)O)[C@@H](NC(=O)O[C@H]1CCOC1)Cc1ccccc1)CC(C)C)c1ccc(N)cc1
DB01320,P(=O)(OCN1C(=O)C(NC1=O)(c1ccccc1)c1ccccc1)(O)O
DB01324,Clc1cc2NC(N(S(=O)(=O)c2cc1S(=O)(=O)N)C)CSCC(F)(F)F
DB01327,[C@@H]12N(C(=C(CS1)CSc1nnc(s1)C)C(=O)O)C(=O)[C@H]2NC(=O)Cn1cnnn1
DB01329,N12C(=O)[C@H]([C@H]1SCC(=C2C(=O)O)CSc1n(nnn1)C)NC(=O)[C@H](NC(=O)N1C(=O)C(=O)N(CC1)CC)c1ccc(cc1)O
DB01330,C1(=C(N2[C@H](SC1)[C@@](C2=O)(NC(=O)C1S/C(=C(\C(=O)O)/C(=O)N)/S1)OC)C(=O)O)CSc1nnnn1C
DB01331,S1[C@H]2N(C(=O)[C@@]2(OC)NC(=O)Cc2sccc2)C(=C(C1)COC(=O)N)C(=O)O
DB01332,S1[C@H]2N(C(=O)[C@H]2NC(=O)/C(=N\OC)/c2nc(sc2)N)C(=CC1)C(=O)O
DB01337,[C@H]12[C@H]3[C@@H]([C@@]4([C@@H](CC3)C[C@@H]([C@H](C4)[N+]3(CCCCC3)C)OC(=O)C)C)CC[C@@]1([C@H]([C@H](C2)[N+]1(CCCCC1)C)OC(=O)C)C
DB01340,O=C1N2N(CCC[C@H]2C(=O)O)CCC[C@@H]1N[C@@H](CCc1ccccc1)C(=O)OCC
DB01356,[Li+]
DB01362,Ic1c(N(CC(O)CO)C(=O)C)c(I)c(c(I)c1C(=O)NCC(O)CO)C(=O)NCC(O)CO
DB01364,[C@@H]([C@H](C)NC)(O)c1ccccc1
DB01367,N([C@@H]1CCc2c1cccc2)CC#C
DB01378,[Mg+2]
DB01390,[Na+].OC(=O)[O-]
DB01393,Clc1ccc(C(=O)NCCc2ccc(OC(C)(C)C(=O)O)cc2)cc1
DB01394,C1c2c(c(c(c(c2)OC)OC)OC)c2c(C(C1)NC(=O)C)cc(=O)c(cc2)OC
DB01400,c1(cc(ccc1)[N+](C)(C)C)OC(=O)N(C)C
DB01406,O[C@@]1([C@@]2([C@H]([C@H]3[C@@H]([C@@]4(C(=Cc5oncc5C4)CC3)C)CC2)CC1)C)C#C
DB01409,C[N+]1(C)[C@H]2C[C@@H](C[C@@H]1[C@@H]1[C@H]2O1)OC(=O)C(c1cccs1)(c1cccs1)O
DB01410,C1C(CCCC1)[C@@H]1O[C@@H]2C[C@H]3[C@@H]4CCC5=CC(=O)C=C[C@@]5([C@H]4[C@H](C[C@@]3([C@@]2(O1)C(=O)COC(=O)C(C)C)C)O)C
DB01413,S1[C@H]2N(C(=C(C[N+]3(CCCC3)C)C1)C(=O)[O-])C(=O)[C@H]2NC(=O)/C(=N\OC)/c1nc(sc1)N
DB01416,S1[C@H]2N(C(=O)[C@H]2NC(=O)/C(=N\OC)/c2nc(sc2)N)C(=C(C1)COC)C(=O)O
DB01421,O([C@H]1[C@H](O[C@H]2O[C@@H]([C@@H](O)[C@H](O)[C@H]2N)CO)[C@@H](N)C[C@@H](N)[C@@H]1O)[C@@H]1O[C@@H]([C@@H](O[C@H]2O[C@H]([C@@H](O)[C@H](O)[C@H]2N)CN)[C@H]1O)CO
DB01427,O=c1[nH]cc(c2ccncc2)cc1N
DB01558,Brc1cc2c(NC(=O)CN=C2c2ncccc2)cc1
DB01577,N([C@H](Cc1ccccc1)C)C
DB01586,O[C@@H]1[C@H]2[C@H]3[C@@]([C@H](CC3)[C@@H](CCC(=O)O)C)(CC[C@@H]2[C@@]2([C@H](C1)C[C@H](O)CC2)C)C
DB01591,O(C(=O)N1[C@H](c2c(CC1)cccc2)c1ccccc1)[C@@H]1C2CCN(C1)CC2
DB01595,O=C1Nc2c(C(=NC1)c1ccccc1)cc([N+](=O)[O-])cc2
DB01609,n1c(nn(c1c1ccccc1O)c1ccc(cc1)C(=O)O)c1ccccc1O
DB01610,O(C(COC(=O)[C@@H](N)C(C)C)CO)Cn1c2[nH]c(nc(=O)c2nc1)N
DB01611,Clc1cc2nccc(NC(CCCN(CCO)CC)C)c2cc1
DB01612,C(CC)CCON=O
DB01618,O1CCN(CC2CCc3[nH]c(c(c3C2=O)CC)C)CC1
DB01623,S(=O)(=O)(N(C)C)c1cc2/C(=C\CCN3CCN(CC3)C)/c3c(Sc2cc1)cccc3
DB01627,[C@H]1([C@H](NC(=O)[C@@H]2C[C@H](CN2C)CCC)[C@@H](C)O)O[C@@H]([C@@H]([C@H]([C@H]1O)O)O)SC
DB01656,Clc1c(NC(=O)c2cc(OCC3CC3)c(OC(F)F)cc2)c(Cl)cnc1
DB04572,S=P(N1CC1)(N1CC1)N1CC1
DB04839,[C@H]12[C@H](C(=O)C=C3[C@]1([C@@H]1[C@@H](C=C3Cl)[C@H]3[C@](CC1)([C@](CC3)(C(=O)C)OC(=O)C)C)C)C2
DB04844,O=C1C(CN2C(C1)c1c(CC2)cc(OC)c(OC)c1)CC(C)C
DB04845,O1[C@]2([C@@H]1C[C@H](NC(=O)C[C@@H](C(C(=O)[C@@H]([C@H]([C@H](CCC2)C)O)C)(C)C)O)/C(=C/c1nc(sc1)C)/C)C
DB04861,Fc1cc2CCC(Oc2cc1)C(O)CNCC(O)C1Oc2c(CC1)cc(F)cc2
DB04896,C1(C(C1)CN)(C(=O)N(CC)CC)c1ccccc1
DB04930,C1(C(C1(C)C)C(=O)OCc1cc(Oc2ccccc2)ccc1)C=C(Cl)Cl
DB05245,[Ag+].S(=O)(=O)([N-]c1ncccn1)c1ccc(N)cc1
DB05246,O=C1N(C(=O)CC1(c1ccccc1)C)C
DB06201,Fc1c(Cn2nnc(c2)C(=O)N)c(F)ccc1
DB06204,Oc1cc([C@@H]([C@H](CN(C)C)C)CC)ccc1
DB06209,CC(=O)Oc1cc2c(CCN(C2)C(C(=O)C2CC2)c2ccccc2F)s1
DB06212,Clc1cc2[C@H](O)CCCN(c2cc1)C(=O)c1c(cc(NC(=O)c2c(cccc2)C)cc1)C
DB06216,Clc1cc2C3C(CN(C3)C)c3c(Oc2cc1)cccc3.OC(=O)/C=C\C(=O)O
DB06228,C1N(C(=O)COC1)c1ccc(cc1)N1C(=O)O[C@H](C1)CNC(=O)c1sc(cc1)Cl
DB06274,Oc1cc([C@]2([C@H](CN(CC2)C[C@H](Cc2ccccc2)C(=O)NCC(=O)O)C)C)ccc1
DB06287,N12[C@H](C(=O)O[C@H]([C@@H](C[C@H]3C[C@H]([C@@H](CC3)OC(=O)C(CO)(CO)C)OC)C)CC(=O)[C@@H](/C=C(/[C@H]([C@H](C(=O)[C@@H](C[C@@H](/C=C/C=C/C=C(/[C@H](C[C@H]3O[C@@](C(=O)C1=O)([C@@H](CC3)C)O)OC)\C)C)C)OC)O)\C)C)CCCC2
DB06335,[C@H](C(=O)N1[C@@H]2[C@H](C[C@H]1C#N)C2)(N)C12CC3CC(C2)(CC(C1)C3)O
DB06402,C(CNCCCCCCCCCC)N[C@]1(C[C@@H](O[C@H]([C@H]1O)C)O[C@H]1[C@@H](O[C@@H]([C@H]([C@@H]1O)O)CO)Oc1c2cc3cc1Oc1c(Cl)cc([C@@H](O)[C@@H]4NC(=O)[C@H](NC(=O)[C@@H]3NC(=O)[C@@H](NC(=O)[C@@H]([C@@H](c3cc(c(O2)cc3)Cl)O)NC(=O)[C@@H](CC(C)C)NC)CC(=O)N)c2cc(c(cc2)O)c2c([C@@H](C(=O)O)NC4=O)cc(c(c2O)CNCP(=O)(O)O)O)cc1)C
DB06695,C(C)OC(=O)CCN(C(=O)c1cc2c(cc1)n(c(n2)CNc1ccc(cc1)/C(=N\C(=O)OCCCCCC)/N)C)c1ncccc1
DB06698,CNCCc1ccccn1
DB06710,C1C[C@]([C@]2(CC[C@H]3[C@@H](CCC4=CC(=O)CC[C@]34C)[C@H]12)C)(C)O
DB06711,c1ccc2c(c1)cccc2CC1=NCCN1
DB06800,O[C@@]12[C@]34CC[N@@+]([C@@H]1Cc1c4c(O[C@H]3C(=O)CC2)c(O)cc1)(CC1CC1)C
DB06811,C(OCCOCCOCCOCCOCCOCCOCCOCCO)COCCCCCCCCCCCC
DB08826,n1(ccc(=O)c(c1C)O)C
DB08860,c1ccc2c(c1)c(c1ccc(cc1)F)c(/C=C/[C@H](C[C@H](CC(=O)O)O)O)c(C1CC1)n2
